train_true,train_probe
1,0.3713752
1,0.5465113
1,0.37631968
0,0.40224767
0,0.36540803
1,0.46508965
1,0.3940772
1,0.41458458
0,0.40048596
1,0.5873933
1,0.38727826
1,0.3958035
0,0.5592439
0,0.36499307
0,0.3301871
1,0.36748928
1,0.5845101
1,0.40718362
0,0.4081902
0,0.44688928
0,0.39958158
1,0.35227844
1,0.40709206
1,0.52673024
1,0.4124638
1,0.4334146
1,0.47776166
1,0.39144972
1,0.40588135
0,0.35573938
1,0.51770294
1,0.42628196
1,0.4005958
1,0.5600813
1,0.3839036
1,0.34274453
1,0.57629573
1,0.4063767
1,0.545834
1,0.37296584
1,0.42319766
1,0.482357
1,0.36455402
1,0.4006106
1,0.58408433
1,0.39658234
1,0.5648327
1,0.41854876
1,0.49481392
1,0.38544685
1,0.44238588
1,0.3878034
1,0.52478296
1,0.41522944
0,0.3663223
1,0.51385367
1,0.41955963
1,0.43363327
0,0.38212475
1,0.50959253
1,0.4061441
1,0.35412166
0,0.40785515
0,0.5353861
0,0.47710103
0,0.43351898
1,0.55268836
1,0.45386603
1,0.38684142
0,0.39234677
1,0.5113467
1,0.43491802
1,0.43390343
1,0.34294015
1,0.56310016
1,0.43157968
1,0.37048864
0,0.36065385
1,0.6107939
1,0.3766029
0,0.39405677
0,0.5347276
0,0.39684752
0,0.4131893
1,0.3513138
1,0.5916359
1,0.4006187
1,0.36784145
0,0.41001096
1,0.4776162
1,0.3875665
1,0.37107703
1,0.39926922
1,0.5506878
0,0.41707996
0,0.47451767
1,0.37421584
1,0.5041798
1,0.41796467
1,0.35227934
1,0.32688212
1,0.57460415
1,0.47546986
1,0.36524028
1,0.54207397
1,0.36847672
0,0.3671689
1,0.577825
1,0.3452027
1,0.607214
1,0.45562437
1,0.4122407
1,0.35749984
1,0.5546089
1,0.40482175
1,0.38863268
1,0.5094624
1,0.3784639
1,0.38049832
0,0.38606524
1,0.5764255
1,0.4164949
1,0.41841975
1,0.48934487
1,0.4065474
1,0.37846798
0,0.4007287
0,0.42147988
0,0.35481238
0,0.5498257
0,0.37966815
0,0.42234242
1,0.5725202
1,0.37041536
1,0.34744987
1,0.56563777
1,0.41656038
0,0.41308898
1,0.59652364
1,0.4092928
0,0.5286186
0,0.43389642
0,0.4007326
1,0.38888833
1,0.5724597
1,0.4480935
1,0.37863812
0,0.40409973
0,0.5095812
0,0.43462083
0,0.41403136
0,0.5704982
0,0.382551
0,0.43686652
1,0.39840543
1,0.51561177
1,0.37724057
1,0.58564854
1,0.4165297
1,0.41165507
0,0.37397254
1,0.55810845
1,0.37662265
1,0.3574841
0,0.40185145
0,0.4534624
0,0.37043074
1,0.5078838
1,0.45583993
1,0.4336662
1,0.46963295
1,0.4268962
1,0.4004411
1,0.48783252
1,0.5008653
1,0.45711437
0,0.37434062
0,0.5519569
0,0.41588676
0,0.37511712
1,0.3637313
1,0.55729014
1,0.39309373
1,0.42332003
1,0.38132027
1,0.58174896
1,0.38850984
0,0.43935046
0,0.4760219
0,0.39748698
0,0.40787894
0,0.4434254
0,0.37081993
1,0.43989936
1,0.47623235
1,0.4412804
1,0.4058245
1,0.3697203
1,0.61989015
1,0.41507462
1,0.5598797
1,0.37122354
1,0.3987573
0,0.5950904
0,0.45283583
0,0.37754253
0,0.39417765
0,0.5616235
0,0.3883944
0,0.38425854
0,0.4247221
0,0.55838
0,0.4523934
0,0.4312435
0,0.39342687
1,0.5644876
1,0.4084708
0,0.42303243
1,0.58203536
1,0.43816814
0,0.40738663
0,0.38731408
0,0.4217648
1,0.5223655
1,0.40360823
1,0.41458154
1,0.5290578
1,0.41408277
0,0.39318624
0,0.4216087
0,0.3810634
0,0.35336635
1,0.58914536
0,0.35362795
1,0.40053064
0,0.34887922
0,0.5491697
0,0.38265628
0,0.37236488
1,0.31672364
1,0.543929
1,0.37034065
1,0.38937542
1,0.4022023
1,0.50245136
1,0.4296979
1,0.49117196
0,0.43332824
0,0.37646654
0,0.3877058
0,0.5578849
0,0.3540054
0,0.42101467
0,0.3757283
0,0.59202075
0,0.37332058
0,0.4152865
0,0.42436156
0,0.40922242
0,0.3862
1,0.38662532
1,0.59643984
1,0.4052173
1,0.42670703
1,0.39534885
1,0.54946667
1,0.38483658
0,0.39147073
0,0.5942552
0,0.43341157
1,0.42561433
1,0.4329716
1,0.49656573
1,0.4386692
1,0.38660365
1,0.528168
1,0.34490255
1,0.56402165
1,0.4377032
1,0.50203377
1,0.42498943
1,0.43428117
1,0.38742012
1,0.57041466
1,0.42660388
0,0.3885842
1,0.52366877
1,0.38426924
0,0.39639765
1,0.5465379
1,0.3869129
0,0.41186664
1,0.54020166
1,0.45303684
0,0.3879372
0,0.5028402
0,0.42392117
0,0.4494558
1,0.39918122
0,0.5730978
0,0.3746513
0,0.41268814
0,0.36662722
0,0.5583056
0,0.42589787
0,0.449793
0,0.380845
0,0.3741747
0,0.38006964
0,0.4379423
0,0.41453484
0,0.40166068
0,0.43420064
0,0.41863275
0,0.39275578
1,0.38174096
1,0.50595886
1,0.43476963
1,0.3898544
1,0.39481503
0,0.49739003
0,0.39252272
0,0.4114353
0,0.39763394
1,0.5273887
1,0.38995582
0,0.426496
1,0.5235494
1,0.45007846
0,0.39583117
0,0.46960497
0,0.39565483
1,0.44804037
1,0.51783997
1,0.3933071
1,0.37559968
1,0.50259995
1,0.36947638
1,0.3835908
1,0.5137646
1,0.39246225
0,0.37111607
0,0.578072
0,0.39439407
0,0.3973314
1,0.39432603
1,0.52041364
1,0.42392433
1,0.5303412
1,0.37526327
1,0.42365244
0,0.39637288
0,0.5262952
0,0.43236014
0,0.39570406
1,0.38623258
1,0.61015886
1,0.4234233
1,0.36099568
1,0.55840105
1,0.44795203
0,0.37459412
1,0.5161668
0,0.44057122
1,0.40404555
1,0.38888684
1,0.6101044
1,0.43160442
1,0.41817495
0,0.3767287
1,0.5425571
0,0.41007167
0,0.37118214
1,0.4995996
1,0.42262903
1,0.41568023
0,0.41055048
1,0.38979223
1,0.43829414
1,0.37797514
1,0.34839523
1,0.42830443
0,0.54813975
0,0.3970481
0,0.4478663
1,0.38533148
1,0.5691762
0,0.4248701
0,0.40983695
0,0.3653701
0,0.5091026
0,0.4233625
0,0.4141481
1,0.3715519
0,0.5253085
0,0.44477737
0,0.36999983
0,0.37297145
1,0.52801067
1,0.43355256
0,0.3830586
0,0.39428687
0,0.3836407
0,0.38577804
0,0.52249616
0,0.40242454
0,0.3933223
0,0.4283188
1,0.5573631
1,0.40576482
1,0.3808435
0,0.38152748
0,0.59460527
0,0.3963806
0,0.41261604
1,0.34133264
1,0.5371438
1,0.40222776
1,0.5724257
1,0.3878362
1,0.40252128
1,0.57914543
1,0.34407714
0,0.39370704
0,0.55130816
0,0.3926525
0,0.4215868
1,0.38462982
1,0.5792121
1,0.4516092
0,0.39325172
0,0.35956132
1,0.61709434
1,0.408025
1,0.37955248
1,0.5424303
1,0.44890952
1,0.50840783
1,0.43871555
1,0.42703992
0,0.38657266
1,0.51071
1,0.42033428
1,0.40926614
1,0.38451257
1,0.60013074
1,0.4038571
1,0.34515524
1,0.5951056
1,0.41580233
1,0.394004
1,0.5133042
1,0.44434622
1,0.33741584
1,0.5883998
1,0.41188645
0,0.48651248
1,0.36339623
1,0.49931595
1,0.37836486
1,0.3474206
0,0.5445023
0,0.46675518
0,0.41853848
0,0.3849853
0,0.6354543
0,0.44822764
0,0.37598664
0,0.39995492
1,0.46048555
1,0.39552113
1,0.37729847
1,0.58512866
1,0.37733015
1,0.38794538
1,0.508229
0,0.37303722
0,0.39692095
1,0.41964802
1,0.5878543
1,0.42323855
0,0.45120487
0,0.37154645
1,0.51933336
1,0.42690724
1,0.36719275
1,0.49194115
0,0.42841765
0,0.35650572
1,0.4318765
1,0.502719
1,0.37851366
1,0.4041285
1,0.52131605
1,0.45049214
1,0.36671788
1,0.5242368
1,0.44205645
0,0.5098549
0,0.43293315
0,0.38395223
0,0.39574787
0,0.51650965
0,0.43947816
0,0.38839594
0,0.35691074
0,0.5272212
0,0.43233055
0,0.38101944
1,0.40113586
1,0.5447569
1,0.40866566
1,0.39864472
1,0.5623763
1,0.4137385
1,0.36876342
1,0.5968659
1,0.37054297
1,0.3916297
0,0.3898663
1,0.53777075
1,0.43311268
1,0.43340197
0,0.49651277
0,0.36416158
0,0.38079184
1,0.3982003
1,0.5373503
1,0.40114164
0,0.58035904
0,0.41072357
0,0.4584965
1,0.45597264
1,0.52305174
1,0.3922188
1,0.3657265
1,0.50709337
1,0.41629314
1,0.36600578
1,0.3720738
1,0.5437467
0,0.4052091
1,0.40760738
1,0.35458034
0,0.51539683
0,0.39376783
0,0.39185542
1,0.36672384
1,0.580102
1,0.40324125
0,0.38274622
0,0.45520416
0,0.41528717
0,0.40273517
0,0.53437644
0,0.43557978
0,0.43063968
1,0.5391181
1,0.4461427
0,0.43365547
1,0.55335855
1,0.41445974
1,0.36467016
1,0.57372344
1,0.42466277
1,0.3996543
0,0.6234792
1,0.37960616
0,0.41259763
0,0.53403795
0,0.41145694
0,0.39713824
1,0.62297267
1,0.4396594
1,0.40767625
0,0.37851992
0,0.57566184
0,0.41704676
0,0.4610579
0,0.39569625
1,0.52847266
1,0.33849403
1,0.4354405
1,0.40105334
1,0.5305414
1,0.4087664
1,0.38751626
0,0.4878047
0,0.3742957
0,0.3672582
0,0.46711406
1,0.42411506
1,0.43566874
1,0.4013307
1,0.3820212
1,0.5769695
1,0.3880934
1,0.40036348
0,0.42282125
1,0.34609222
1,0.6271252
1,0.3509042
1,0.5277945
1,0.4309097
1,0.43169343
1,0.5073675
1,0.3958298
0,0.36976475
0,0.5690357
0,0.3867899
0,0.39633906
0,0.40667468
0,0.57500017
0,0.43628904
0,0.3949453
1,0.3980779
1,0.5890819
1,0.3991746
1,0.43001673
0,0.6358525
0,0.4449888
0,0.37954864
1,0.38929027
0,0.54818755
0,0.42644244
0,0.34072232
1,0.4655537
1,0.40387172
1,0.44013664
1,0.3759141
1,0.5947238
1,0.39874047
1,0.44021878
0,0.38606444
1,0.52398986
1,0.42788345
1,0.38313654
1,0.5306497
1,0.3925029
1,0.41513073
1,0.5525032
1,0.41315997
1,0.39661834
0,0.41492343
0,0.4075555
0,0.3870189
1,0.42748648
0,0.41565502
0,0.4139986
0,0.45163462
0,0.47170737
0,0.42944902
0,0.40281776
1,0.38811114
0,0.51656604
0,0.37677163
0,0.34752852
0,0.40526426
0,0.4278326
0,0.3446533
1,0.41905048
1,0.6107949
1,0.44528687
0,0.3451791
1,0.58418447
1,0.4315911
0,0.4477362
1,0.54933536
1,0.4582216
1,0.3945577
1,0.52244616
1,0.42549455
0,0.40310258
1,0.5484663
1,0.42683226
1,0.37236905
0,0.5501362
0,0.41125417
0,0.42609546
1,0.38094905
1,0.58995223
1,0.3927637
1,0.54061866
1,0.43054938
1,0.44903094
1,0.4203529
1,0.5398521
0,0.46885437
0,0.38635248
1,0.35444683
1,0.5905825
1,0.40567777
1,0.5361011
1,0.4373803
1,0.4360451
1,0.3918784
1,0.5549338
0,0.4456892
0,0.37197956
0,0.41931334
1,0.41220438
1,0.5621441
1,0.4206903
0,0.42042753
1,0.41036016
1,0.5580392
1,0.41082993
0,0.43373612
1,0.4511086
1,0.37733987
1,0.39936167
0,0.5300896
0,0.3970535
0,0.3976889
0,0.5173568
0,0.41748193
0,0.40469122
0,0.38981324
1,0.57285005
1,0.42529538
1,0.4055884
0,0.42520908
1,0.5249369
1,0.38155684
1,0.37138376
0,0.54031074
0,0.42713732
0,0.38712826
0,0.50548
0,0.37219414
0,0.39212376
0,0.40538135
0,0.44060963
0,0.4331062
0,0.359896
1,0.5766407
1,0.44647235
1,0.38782886
1,0.49919415
1,0.38887247
1,0.449018
0,0.41691846
0,0.5318958
0,0.43824467
0,0.3999115
1,0.39516214
1,0.5979841
1,0.4062733
1,0.4354942
1,0.54375577
1,0.45864204
1,0.39229363
1,0.55009216
1,0.40461665
1,0.41383633
1,0.5382098
1,0.44966426
1,0.37541258
0,0.41727087
1,0.36329904
1,0.5539021
1,0.42512134
0,0.39948225
1,0.5586121
1,0.38482648
1,0.5035827
1,0.44252345
1,0.3962151
0,0.514339
0,0.42039835
0,0.45679265
1,0.36774954
0,0.42932504
0,0.30208403
0,0.35093915
1,0.560429
1,0.42327487
1,0.37965456
1,0.5726132
1,0.41325969
1,0.38288552
0,0.42659524
0,0.4185111
1,0.3935633
1,0.4927317
1,0.39138237
1,0.3746961
1,0.5500725
1,0.41554785
1,0.41328272
1,0.4023893
1,0.5596356
1,0.42987823
0,0.4123883
1,0.51470304
1,0.40344405
1,0.48151734
0,0.3977343
1,0.53017473
1,0.4165949
1,0.36469075
0,0.4054986
0,0.4921002
0,0.43864846
0,0.43437815
0,0.38799977
0,0.54002213
0,0.4123858
0,0.43327278
0,0.43449873
0,0.38192117
0,0.5520543
0,0.36533293
0,0.37542018
1,0.41541022
1,0.50410503
1,0.41415638
0,0.39810896
1,0.51566285
1,0.45403346
0,0.41281942
1,0.5114963
1,0.42433384
0,0.38102692
0,0.53938437
1,0.42525253
0,0.39998513
0,0.43120807
1,0.46796972
1,0.35808408
1,0.4808602
1,0.53624916
1,0.40832794
0,0.36428824
0,0.5151754
0,0.3687846
0,0.4252802
0,0.42080307
0,0.39025113
1,0.57615876
1,0.42756134
0,0.37411737
0,0.60325253
1,0.36200765
0,0.44224215
0,0.38526234
1,0.3922099
1,0.5851722
1,0.43569002
1,0.3986773
1,0.51256436
1,0.41821164
1,0.39860606
1,0.543961
1,0.41211164
1,0.3952109
0,0.3874194
1,0.5564688
1,0.4177498
1,0.5374858
1,0.398189
1,0.46312892
0,0.39212084
0,0.51563454
0,0.41626546
0,0.4436995
0,0.33434278
0,0.5413168
0,0.4189154
0,0.42958885
1,0.37542036
1,0.5170128
1,0.46327227
1,0.5711552
1,0.41548476
1,0.39752913
1,0.49403515
1,0.47124013
1,0.3808655
1,0.55111915
1,0.42462605
1,0.43185553
0,0.4779937
1,0.3899971
0,0.3618907
1,0.388099
1,0.5575943
1,0.41873604
0,0.38935512
0,0.54202247
0,0.4085238
0,0.42850533
0,0.38860622
0,0.55768365
0,0.43875906
0,0.41901693
1,0.4022812
1,0.5863038
1,0.44002628
0,0.40698227
1,0.52126765
1,0.41149205
1,0.5670131
1,0.39701465
1,0.34665838
1,0.5660952
1,0.42241892
1,0.39722893
0,0.41271242
0,0.505735
0,0.43839327
0,0.39528283
0,0.39541236
0,0.48203376
0,0.3923475
0,0.39188117
0,0.5116115
0,0.43053848
0,0.40469146
1,0.35922334
0,0.5292913
0,0.4043426
0,0.38715714
1,0.36871415
1,0.545944
1,0.37918046
1,0.40126538
1,0.36894175
1,0.5644793
1,0.4681055
0,0.42830724
0,0.34193143
1,0.5798238
1,0.41179627
0,0.37020716
0,0.50721717
0,0.3808065
0,0.37195155
0,0.38983876
0,0.6071456
0,0.39626032
0,0.38341907
1,0.3849052
0,0.51561487
0,0.40526706
0,0.3659119
1,0.41993654
1,0.53328925
1,0.41049913
1,0.5225419
0,0.39022672
0,0.40878204
0,0.57093525
0,0.43779913
0,0.38889608
1,0.38740373
1,0.588408
1,0.42015886
0,0.37429872
0,0.5185854
0,0.41050336
0,0.37607202
0,0.4263339
1,0.50876397
1,0.41332647
1,0.46276316
1,0.5869237
1,0.3991881
1,0.38221988
1,0.3882018
1,0.53146267
1,0.39788818
0,0.42257017
1,0.5094682
1,0.44259644
1,0.5503783
1,0.3928345
1,0.40984607
0,0.40569785
0,0.5500028
0,0.39703155
0,0.3963121
1,0.3896597
1,0.52776295
1,0.41508722
1,0.41973102
1,0.5005583
1,0.4152866
1,0.344952
0,0.5264775
0,0.42103732
0,0.3982997
1,0.3890486
1,0.5554051
1,0.4119277
1,0.5204842
1,0.4412829
0,0.3637313
1,0.55729014
1,0.39309373
1,0.42332003
1,0.38000926
1,0.54917765
1,0.47320265
0,0.34947798
1,0.6240543
1,0.43129677
0,0.37742448
0,0.5795231
0,0.36430964
0,0.38599262
1,0.37912712
1,0.5520813
1,0.44177195
1,0.40244764
1,0.5235352
1,0.40490144
0,0.3584836
1,0.53534937
1,0.39118233
1,0.61610526
1,0.43705654
1,0.41513023
0,0.4120169
1,0.55590004
1,0.39836204
1,0.3695456
1,0.57934767
1,0.36070597
1,0.37364253
1,0.5196568
1,0.4199805
1,0.45490292
1,0.4807245
1,0.40955305
1,0.39475235
1,0.56185305
1,0.4166102
1,0.45344004
1,0.5413528
1,0.4028811
0,0.3822581
1,0.52115834
1,0.4005092
0,0.414366
0,0.417008
0,0.4336642
0,0.3547509
1,0.5661202
1,0.3441998
1,0.46016377
1,0.39529055
1,0.5220539
1,0.41468164
0,0.39541236
0,0.48203376
0,0.3923475
0,0.37029302
1,0.52684546
1,0.38181984
1,0.41596168
0,0.40421906
1,0.5026962
1,0.41522935
0,0.41923973
1,0.3685541
1,0.57454973
1,0.39600468
1,0.34634003
1,0.5075087
0,0.3843627
0,0.43631688
1,0.36579952
1,0.5630901
1,0.42062885
0,0.38155502
0,0.38579944
0,0.41681716
0,0.359896
1,0.5766407
1,0.44647235
0,0.50793034
0,0.43763313
0,0.4013664
1,0.38164583
1,0.54411376
1,0.40312904
1,0.4188573
1,0.5568103
1,0.420061
0,0.51161534
0,0.4185791
0,0.3970327
1,0.46255893
1,0.5099646
1,0.406587
1,0.39649978
0,0.35186353
0,0.51400644
0,0.4763203
0,0.414121
0,0.38151026
1,0.569524
1,0.40476516
0,0.36914197
0,0.36160254
0,0.39474407
1,0.35664108
1,0.46677127
1,0.44381052
1,0.41743037
1,0.3820984
0,0.53869843
0,0.37697223
0,0.39423078
0,0.42089048
1,0.5320747
1,0.4089028
0,0.38737583
1,0.52183586
1,0.42531377
1,0.4601057
1,0.39188898
1,0.49873465
1,0.40508246
0,0.4054986
0,0.4921002
0,0.43864846
0,0.43437815
0,0.4071384
0,0.35407603
0,0.54516554
0,0.42411366
0,0.4127796
1,0.55656135
1,0.41451854
1,0.43267643
1,0.3825333
1,0.5493786
1,0.44113824
1,0.4137988
0,0.3918033
0,0.42179388
1,0.56193817
1,0.4183664
1,0.43293065
0,0.6235163
0,0.45524883
0,0.39881843
0,0.3873832
0,0.54054224
0,0.38055897
0,0.41909403
1,0.38842127
1,0.5341794
1,0.42420414
1,0.41741267
1,0.5831825
1,0.39866188
1,0.39385125
1,0.4780667
1,0.41681907
1,0.3618522
1,0.55283767
1,0.42626497
1,0.41326633
0,0.4437966
0,0.48630264
0,0.41923416
0,0.37501633
1,0.44497174
0,0.53473765
0,0.42675227
0,0.35283685
1,0.41537985
1,0.5483931
1,0.41425
0,0.51607746
0,0.42663732
0,0.43611953
1,0.39411852
1,0.55326927
1,0.35468256
1,0.3761992
1,0.5866172
1,0.4249507
0,0.47303614
0,0.45963413
0,0.40597874
0,0.41819635
1,0.51264656
0,0.42209682
0,0.37286416
1,0.34054703
1,0.5870185
1,0.38116953
1,0.42158988
0,0.40798756
1,0.53662956
1,0.42705148
0,0.3752972
1,0.33475876
1,0.509177
1,0.4390461
0,0.43459597
0,0.360067
0,0.524544
1,0.33561411
0,0.43929887
1,0.55859923
1,0.4615317
0,0.38251647
1,0.5189048
1,0.40762064
1,0.38640064
1,0.4125009
1,0.43884838
1,0.40834075
0,0.39661947
0,0.5361752
1,0.43552208
0,0.43635267
0,0.38151386
0,0.5588104
0,0.45137367
0,0.49005452
0,0.37900156
1,0.5699386
1,0.41193306
1,0.37386307
1,0.5303139
1,0.4349778
1,0.37964883
0,0.353462
0,0.45397758
0,0.3380819
0,0.38079613
0,0.36412734
1,0.5889486
1,0.39202994
1,0.39410824
1,0.56507707
1,0.41730344
0,0.37621146
1,0.35868326
1,0.5058971
1,0.40983358
1,0.40135974
1,0.42636305
1,0.5679482
1,0.45203057
0,0.42996648
0,0.37988567
1,0.5487798
1,0.35060284
1,0.3737466
1,0.5152818
1,0.4253018
1,0.41071165
1,0.6211171
1,0.41128233
1,0.5073048
1,0.419563
1,0.40455487
1,0.36801863
0,0.5145097
0,0.37687445
0,0.38608196
0,0.35094014
1,0.5880693
1,0.39000797
0,0.40715477
0,0.41401508
1,0.5526165
1,0.43432102
0,0.41054714
0,0.460704
0,0.41297436
0,0.4269646
0,0.51316875
0,0.40827176
0,0.38874674
1,0.4478373
1,0.5547035
1,0.3901199
1,0.40851903
0,0.34816667
0,0.5210394
0,0.41426644
0,0.4651844
0,0.37485874
1,0.5761347
1,0.40942687
1,0.38680375
0,0.55873597
0,0.4047059
0,0.33715028
1,0.36687678
1,0.50507766
1,0.3934811
1,0.3485176
0,0.44208923
0,0.36718723
0,0.3943929
0,0.52411324
0,0.451664
1,0.4658254
1,0.49578062
1,0.46185732
1,0.43790442
0,0.3808103
1,0.59591144
1,0.38859314
1,0.376248
1,0.5631958
1,0.4467002
0,0.39541236
0,0.5899652
0,0.48203376
0,0.3923475
1,0.4359869
1,0.503405
1,0.37531194
1,0.36454427
1,0.39572752
1,0.5437015
1,0.4455884
1,0.50076365
1,0.41499782
1,0.4471185
1,0.3914577
1,0.62449944
1,0.37943995
1,0.397592
1,0.5455167
0,0.41824168
0,0.38169372
0,0.35265547
0,0.56850517
1,0.37418988
0,0.41870415
0,0.35941258
0,0.5521625
0,0.3744419
0,0.37346894
0,0.40521654
1,0.5073869
1,0.41073215
1,0.532695
0,0.3963144
0,0.35787827
0,0.35293713
0,0.59369075
0,0.43397158
0,0.35874224
0,0.40530708
1,0.52704185
1,0.38776812
1,0.5403426
1,0.44703108
1,0.4109317
1,0.40595093
1,0.51856697
1,0.4437318
1,0.36301184
1,0.42461956
1,0.53413
1,0.42631018
1,0.5194732
1,0.40264183
1,0.46053267
0,0.4087391
0,0.5538906
0,0.39784735
0,0.43243492
1,0.38506347
1,0.5884987
1,0.38987902
1,0.3775342
1,0.54289234
1,0.44132692
0,0.3582095
1,0.5458519
1,0.40910333
0,0.40167683
1,0.572487
1,0.43984
1,0.38656303
1,0.43376315
1,0.4747375
1,0.42786306
1,0.38448742
0,0.41788226
0,0.5305074
0,0.47440577
0,0.42293352
1,0.36658308
1,0.625529
1,0.44566196
1,0.56260383
1,0.38157663
0,0.3575794
1,0.5392809
1,0.4179327
1,0.38009953
1,0.5123914
1,0.38909557
0,0.45808902
1,0.4148547
1,0.5261345
1,0.35210717
1,0.5120376
0,0.4255222
0,0.3672276
1,0.44453079
1,0.4836776
1,0.40803644
1,0.43820834
1,0.56746227
1,0.40047932
0,0.39073703
0,0.53483474
0,0.40759712
1,0.390293
1,0.502032
1,0.4203905
1,0.3798982
0,0.3779509
1,0.3857032
1,0.53389543
1,0.41743264
1,0.40003395
0,0.36046776
0,0.5613569
0,0.38991326
0,0.39870605
1,0.42146719
1,0.5671356
1,0.38174498
0,0.37418637
0,0.61999094
0,0.44211352
0,0.35587108
1,0.40992394
0,0.4165192
0,0.3964902
1,0.50949425
1,0.40168643
1,0.4404016
1,0.46520087
1,0.4464855
1,0.3709983
1,0.38652065
1,0.57389456
1,0.41837242
1,0.39775693
1,0.58072686
0,0.42472407
1,0.38014188
1,0.3747018
0,0.54119295
0,0.42682
0,0.40625075
1,0.39132187
1,0.5427616
1,0.38876396
1,0.39631826
0,0.5064203
0,0.4415077
0,0.4495337
1,0.41143632
1,0.57803315
1,0.42710766
1,0.38948333
1,0.5064727
1,0.41983572
1,0.34988892
1,0.5206433
0,0.34953496
0,0.3776102
1,0.36599442
0,0.58039755
0,0.42665148
0,0.36364707
1,0.3514471
1,0.5590863
1,0.41001523
1,0.37426707
1,0.48334327
1,0.4623355
1,0.39642534
0,0.37771973
0,0.40893182
0,0.39822817
1,0.38201404
0,0.5318497
0,0.41346297
0,0.34278584
0,0.41372424
1,0.42728996
1,0.41356376
0,0.39772493
0,0.528783
0,0.42021284
0,0.4447322
1,0.36777243
0,0.3739561
0,0.3684075
1,0.41877183
1,0.5333666
1,0.45617196
1,0.3841713
1,0.51293266
1,0.42751637
0,0.38348952
1,0.5721694
1,0.40336537
0,0.42320555
1,0.37658566
1,0.5265253
1,0.42017323
1,0.37840194
1,0.39851347
1,0.5528699
1,0.4169769
1,0.43396053
0,0.36691445
0,0.5493845
0,0.38482362
0,0.41330028
0,0.37812522
0,0.5399948
0,0.43267402
0,0.4651406
0,0.4494258
1,0.41485077
1,0.5163032
1,0.35495752
0,0.38264507
1,0.548331
1,0.3944223
1,0.3600208
1,0.5796288
1,0.44137457
1,0.3935588
1,0.5353435
1,0.39688113
0,0.41083443
0,0.5484914
0,0.428848
0,0.41759643
0,0.4317319
0,0.5055366
0,0.40066472
1,0.385699
1,0.38462982
1,0.5792121
1,0.4516092
0,0.39325172
1,0.4007365
1,0.5999395
1,0.40196934
0,0.4034434
0,0.536877
0,0.38673702
0,0.41138342
0,0.40635195
0,0.5213967
0,0.40165076
0,0.45012775
1,0.37076363
1,0.53658235
1,0.39042938
1,0.4411434
0,0.35220793
1,0.5197807
1,0.34505802
1,0.3808655
1,0.55111915
1,0.42462605
0,0.43720835
1,0.5178564
1,0.37774763
0,0.42677414
0,0.505932
0,0.4549561
0,0.40133548
0,0.44347873
0,0.47386435
0,0.4061026
0,0.41669348
0,0.43473607
0,0.5281678
0,0.40838975
0,0.39762405
0,0.41798258
1,0.57456756
1,0.36756116
0,0.42975932
0,0.44715524
0,0.39189595
1,0.35810986
1,0.52217215
1,0.4512436
0,0.41909608
0,0.48119402
0,0.43968847
0,0.4285379
1,0.41093343
1,0.6243473
1,0.43665278
0,0.37411755
0,0.5318113
0,0.41523528
0,0.39315918
1,0.3664846
1,0.6065885
1,0.42219272
1,0.41922528
1,0.5071454
0,0.42522424
1,0.4187751
1,0.3449852
1,0.50006133
1,0.40050215
1,0.3232675
0,0.41028675
0,0.45238414
0,0.43602785
1,0.37651208
1,0.55571103
1,0.41545734
1,0.3569093
0,0.55223054
0,0.4389194
0,0.39611873
1,0.42850512
1,0.5418248
1,0.4418412
1,0.38222584
1,0.5626317
1,0.4038715
1,0.3828456
0,0.49113894
0,0.45087036
1,0.44091782
1,0.42253527
1,0.5591921
1,0.43271858
1,0.4975674
0,0.39413312
0,0.40406054
1,0.41930223
1,0.4811902
1,0.36672196
1,0.38781297
1,0.4967791
0,0.3791482
0,0.40404594
1,0.43024027
1,0.5047238
1,0.46090758
1,0.44235262
0,0.410814
0,0.5589437
0,0.39716828
0,0.36608383
0,0.44562864
0,0.5838029
0,0.39569548
0,0.4175899
0,0.40312
1,0.5381014
1,0.41240564
0,0.3999622
0,0.56692284
0,0.4065315
0,0.40129554
1,0.39507177
1,0.5268847
0,0.42128846
0,0.38718688
0,0.414892
0,0.3931739
0,0.42489466
1,0.4721193
1,0.3587163
1,0.43643346
0,0.39249256
0,0.55582577
0,0.42191643
0,0.43339512
0,0.422327
0,0.5360144
0,0.44481114
0,0.44903982
1,0.40790236
1,0.55587286
1,0.43825385
0,0.3891446
1,0.54927045
1,0.4161533
0,0.39872903
0,0.5499059
0,0.45451608
0,0.39585435
1,0.35307294
0,0.4162899
0,0.38334554
1,0.3967833
1,0.5066511
1,0.41700083
1,0.37799776
1,0.48420402
1,0.3702381
1,0.41169846
0,0.38286856
0,0.5700357
0,0.4180435
0,0.3497822
0,0.38387054
0,0.55199325
0,0.37766993
0,0.41188827
0,0.42776573
1,0.5462587
1,0.45611122
1,0.37283385
0,0.36950874
1,0.5429732
1,0.4421722
0,0.53189564
0,0.4102963
0,0.44331655
0,0.41600558
0,0.47027755
0,0.36419567
0,0.42840987
1,0.47206753
1,0.42236945
1,0.40885577
1,0.41007224
1,0.562765
1,0.45981142
0,0.39363664
1,0.5312981
1,0.42525253
1,0.3921491
1,0.5383038
1,0.41151765
1,0.36856982
1,0.54757166
1,0.39748433
0,0.40453362
1,0.50399673
1,0.47452408
1,0.5318282
1,0.4201812
0,0.42559376
0,0.3853424
0,0.648616
0,0.43238366
0,0.40225974
1,0.4165741
1,0.5245916
1,0.4137824
0,0.42436156
0,0.40922242
0,0.3862
0,0.4125899
1,0.5249807
1,0.41806933
1,0.39428282
1,0.52395177
1,0.44399703
0,0.3802296
0,0.5866398
0,0.45602176
0,0.35764655
1,0.5694979
1,0.36811462
1,0.37137064
1,0.54964453
1,0.44914752
1,0.37470314
1,0.52001
1,0.38866702
1,0.46573204
0,0.36204773
0,0.5828867
0,0.36998585
0,0.4035516
0,0.43689102
0,0.3969313
0,0.5082822
0,0.47762582
0,0.4056988
0,0.39639765
1,0.5465379
1,0.3869129
0,0.4165741
0,0.5245916
0,0.4137824
0,0.44099784
1,0.33602792
1,0.5440061
1,0.39353117
1,0.37478977
1,0.34472802
1,0.5250461
1,0.37936777
0,0.57601583
0,0.45257413
0,0.42733994
1,0.42766988
1,0.55086064
1,0.45893097
0,0.40980235
0,0.47124723
0,0.369417
1,0.33652848
1,0.57352823
0,0.39513087
0,0.4051436
0,0.4317319
0,0.5055366
0,0.40066472
1,0.385699
0,0.39530763
1,0.5790548
1,0.45923465
1,0.39451733
0,0.35017464
0,0.5060679
0,0.39571998
1,0.3597396
1,0.39733297
0,0.52937883
0,0.41041932
0,0.43941224
0,0.43243334
1,0.37676862
1,0.53719395
1,0.3734319
0,0.3864882
1,0.50070417
1,0.39161348
1,0.40583897
1,0.49542713
0,0.40184537
0,0.36712256
0,0.38916627
0,0.47755668
0,0.41800624
0,0.473035
0,0.39358616
0,0.36271492
0,0.5202322
0,0.35838756
0,0.40175748
0,0.5875204
0,0.44056
0,0.43612745
1,0.38365784
1,0.5124086
1,0.41093716
1,0.3802011
1,0.56692374
1,0.4184769
1,0.3559732
1,0.5385781
1,0.38902256
1,0.42492294
1,0.45869124
1,0.56200933
1,0.392613
1,0.38656196
1,0.49711835
1,0.3546892
0,0.40520486
1,0.52521706
1,0.39521465
1,0.38515642
1,0.60326165
1,0.44636643
0,0.3777059
0,0.47728834
0,0.40434268
0,0.40860102
1,0.511069
1,0.40408993
1,0.415598
1,0.3847848
1,0.5176574
1,0.4256659
1,0.3980405
0,0.43489316
1,0.50189483
0,0.4315631
1,0.3990381
0,0.3848624
0,0.5494772
0,0.415721
0,0.43201005
1,0.4097736
1,0.57534283
1,0.33911797
1,0.36681172
1,0.52373195
1,0.45519865
0,0.35261178
1,0.60033673
1,0.3722493
0,0.39622396
0,0.5251267
0,0.4049598
0,0.3720725
0,0.38711607
1,0.53943664
1,0.47615883
0,0.37635237
1,0.583322
1,0.46987912
0,0.39980283
1,0.5144184
1,0.38945794
1,0.36995405
1,0.5604376
1,0.435292
1,0.3770685
1,0.5380168
1,0.40552613
1,0.41092733
0,0.40562773
1,0.41281998
1,0.5987893
1,0.359738
1,0.40104416
1,0.53913504
1,0.3996425
1,0.52659833
1,0.42195234
1,0.39494887
0,0.4165741
0,0.5245916
0,0.4137824
0,0.44099784
1,0.39397082
1,0.5005862
1,0.40933314
0,0.43485236
1,0.5274689
1,0.4289675
1,0.41637555
1,0.36118647
1,0.5431196
1,0.3723227
0,0.41093343
0,0.6243473
0,0.43665278
0,0.42072445
1,0.35478196
1,0.5634315
1,0.4080575
0,0.3821772
1,0.5277706
0,0.3883369
0,0.41749257
1,0.3789878
0,0.5495736
0,0.4473202
0,0.43593663
0,0.42530075
0,0.49216846
0,0.41488427
0,0.40345356
0,0.38003314
0,0.55352837
0,0.4130575
0,0.41585967
1,0.39562508
1,0.5770616
1,0.4345281
1,0.40771955
1,0.37646028
1,0.5551706
1,0.39936975
1,0.36835873
1,0.37875956
1,0.54042065
1,0.42215312
1,0.44025186
0,0.37479433
1,0.54735017
1,0.3839917
1,0.33001798
1,0.35768363
1,0.513422
1,0.33109942
0,0.5432187
0,0.42493123
0,0.45383358
1,0.35533026
1,0.5186964
1,0.4273213
1,0.39789912
0,0.40325883
0,0.5148026
0,0.39556336
0,0.41167247
0,0.4388001
0,0.48488963
0,0.39530495
0,0.36554268
1,0.40752837
1,0.52641505
1,0.40681237
1,0.3331583
0,0.4431156
0,0.5647256
0,0.39283344
0,0.4092491
1,0.33550563
1,0.5115524
1,0.3965254
1,0.40014777
0,0.41288152
1,0.5418477
1,0.37929314
1,0.41057712
1,0.5125655
1,0.44295475
0,0.3940041
0,0.51519454
0,0.4023898
0,0.3980812
1,0.38028562
1,0.5424428
1,0.4415646
1,0.43718046
1,0.4928993
0,0.4161924
0,0.41681638
0,0.43467632
1,0.5243091
1,0.45723066
1,0.3951156
1,0.5784268
1,0.4232803
1,0.40019882
1,0.55601746
1,0.43032882
1,0.38252136
1,0.49487987
1,0.40222383
1,0.38829866
1,0.52809465
1,0.3887986
1,0.42602038
1,0.39420107
1,0.53391516
1,0.43937245
0,0.44514537
0,0.5421854
0,0.4174738
0,0.34070227
0,0.3648536
0,0.52327436
0,0.3679341
0,0.39309183
0,0.39932632
0,0.5998885
0,0.38984868
0,0.4693939
1,0.5537857
1,0.42996776
1,0.43955848
1,0.40494958
1,0.61907494
0,0.43254092
0,0.41904905
1,0.4155477
1,0.569486
1,0.40869233
1,0.42717314
1,0.48776466
1,0.37688965
1,0.37210625
0,0.57718444
0,0.41746223
0,0.40233073
1,0.45120525
1,0.39842096
1,0.3649915
1,0.3825591
1,0.5629295
0,0.43817884
0,0.37808567
0,0.34149534
1,0.48091418
1,0.40511703
0,0.39172792
1,0.41121382
1,0.5080811
1,0.40528435
1,0.36147785
1,0.3766907
1,0.563108
0,0.41216147
0,0.372692
1,0.4084643
1,0.5102767
1,0.3560759
0,0.39222303
1,0.5415414
0,0.4385982
0,0.40577108
1,0.39585823
1,0.49839535
0,0.36929286
0,0.38943267
1,0.40463609
0,0.5075104
0,0.39288116
0,0.44348362
0,0.37741905
0,0.42655158
0,0.41818798
0,0.36237022
0,0.52963716
0,0.42902792
0,0.47310033
0,0.37694567
1,0.6081892
1,0.4055984
1,0.3871875
1,0.6538295
1,0.44048136
1,0.37961355
1,0.5389608
1,0.40524036
1,0.42716292
1,0.3830311
1,0.53152055
1,0.41972306
1,0.3851281
0,0.40170628
0,0.5740877
0,0.44324946
0,0.4268402
1,0.40565303
1,0.52720946
1,0.4052661
1,0.38995814
1,0.5323361
1,0.38113979
1,0.532625
1,0.4136595
0,0.3308304
1,0.5793631
1,0.34219405
0,0.4202823
0,0.37950867
0,0.53071076
0,0.4225312
0,0.36475405
1,0.37273213
1,0.5657087
1,0.44553843
1,0.42624515
1,0.47349533
1,0.4939167
1,0.40258825
1,0.38504884
1,0.54947996
1,0.3947392
1,0.39642552
1,0.5826175
1,0.4918424
0,0.39222303
1,0.5415414
1,0.4385982
0,0.40577108
0,0.36339512
1,0.576915
1,0.34508228
0,0.40876815
1,0.38135886
1,0.56704235
1,0.38864094
1,0.37902117
1,0.59182113
1,0.36976755
0,0.4505402
0,0.40861407
0,0.48430735
0,0.3737732
0,0.38198715
0,0.55905956
0,0.3642954
0,0.40830404
1,0.33190456
0,0.52723056
0,0.4547997
1,0.39929742
1,0.44269845
1,0.5031272
1,0.40744132
1,0.4456716
1,0.3912589
1,0.5154832
0,0.43155485
0,0.383074
1,0.38431367
1,0.54251075
1,0.4028417
1,0.42510512
1,0.39653015
1,0.58455944
1,0.402299
1,0.3647767
1,0.5704751
1,0.40707353
1,0.39073607
1,0.51450753
1,0.4563568
1,0.4994113
1,0.44375575
1,0.41693613
1,0.38834286
1,0.5532408
1,0.3767271
0,0.39983547
1,0.5551795
1,0.39783475
1,0.3725946
1,0.54285663
1,0.4240596
1,0.39142153
1,0.5499146
0,0.41186276
0,0.41391364
0,0.38295856
1,0.5512655
1,0.41144305
1,0.43876842
1,0.53949493
1,0.49514517
1,0.41008392
1,0.52905345
1,0.43094972
1,0.40680072
1,0.5299589
1,0.41931894
1,0.4247872
1,0.45250598
0,0.43275744
0,0.42286304
0,0.3654916
1,0.56583965
1,0.39777324
1,0.41023788
1,0.5724768
1,0.36448097
1,0.43635437
1,0.42035505
1,0.5449351
1,0.41280997
1,0.43514267
1,0.43884316
1,0.5513239
1,0.40825507
0,0.41919532
1,0.5407292
1,0.44912088
0,0.39898664
0,0.55717695
0,0.39722636
0,0.42288718
1,0.5088415
1,0.4038823
1,0.425946
1,0.43980807
1,0.58014643
1,0.41997725
1,0.54244155
1,0.44900993
0,0.40167683
1,0.42437014
1,0.53803915
1,0.40199584
1,0.39837867
1,0.4402158
1,0.5549757
1,0.38265657
1,0.40843967
1,0.5746155
1,0.3986449
1,0.53042436
1,0.4178998
1,0.43298885
0,0.41443694
0,0.61411613
0,0.44623402
0,0.3787988
1,0.38559192
1,0.5338736
1,0.41987383
1,0.37017748
1,0.38953573
1,0.54108775
1,0.43762776
1,0.40692148
0,0.39719412
0,0.5407607
0,0.47383103
0,0.42109647
1,0.57298666
1,0.4402584
0,0.37248966
0,0.52498096
0,0.41088966
0,0.43882516
1,0.42191097
1,0.46591803
0,0.429607
0,0.43672052
0,0.41429546
0,0.44964665
0,0.38157412
1,0.49556342
1,0.420577
1,0.43498945
1,0.38451293
0,0.42139998
0,0.39477426
0,0.4376126
1,0.4863207
0,0.3765515
0,0.3671514
1,0.5097361
1,0.40387663
0,0.43674517
1,0.48032126
1,0.44205943
1,0.4343144
0,0.40275195
0,0.5530226
0,0.40748477
0,0.43804255
1,0.44118646
1,0.5499016
1,0.3948123
0,0.44302195
1,0.3539411
1,0.52252954
1,0.41344473
1,0.40446612
0,0.6245985
0,0.4602703
0,0.373225
0,0.39752984
0,0.6031799
0,0.4484663
0,0.38144943
1,0.38369745
1,0.56903523
1,0.4199497
0,0.4023371
0,0.48530227
0,0.41524604
0,0.41733417
1,0.36881986
1,0.54555637
1,0.35814935
1,0.4181327
0,0.37482992
1,0.5553625
1,0.4000367
1,0.42963725
1,0.3849136
1,0.560526
1,0.42315993
1,0.38662532
1,0.59643984
1,0.4052173
0,0.42670703
1,0.52184194
1,0.4227489
1,0.42043364
0,0.39550912
0,0.5275631
0,0.41177973
0,0.35350996
1,0.4153236
0,0.4873427
0,0.3705989
0,0.37376192
1,0.38931516
1,0.5019178
1,0.37543997
1,0.46471167
1,0.4761279
1,0.4505898
1,0.38994342
1,0.46284723
1,0.4177162
1,0.41645384
1,0.35686246
1,0.51906884
1,0.4463942
1,0.35200593
1,0.5592956
1,0.3886579
1,0.4123927
0,0.36956832
1,0.5206787
1,0.4175186
1,0.38023108
1,0.57578367
1,0.40792
1,0.3941001
0,0.41261652
0,0.5348003
0,0.40987077
0,0.44783086
1,0.40546113
1,0.5159722
1,0.39265305
1,0.4311948
1,0.5259271
1,0.40330955
1,0.54196554
1,0.41335645
1,0.3509167
1,0.40999615
1,0.5381424
1,0.39331913
0,0.34093428
1,0.5615808
1,0.46579477
1,0.41312394
1,0.4990442
1,0.42552173
0,0.37405387
0,0.5840994
0,0.40308422
0,0.41645515
0,0.42436156
0,0.40922242
0,0.3862
0,0.55431396
0,0.41319138
0,0.3733835
1,0.4260645
1,0.5066113
1,0.41024637
1,0.38955808
1,0.5628122
1,0.42944652
1,0.43954277
1,0.50227875
1,0.40076602
0,0.36816755
0,0.6053128
0,0.3846748
0,0.42358303
1,0.39250275
1,0.52125776
0,0.41392657
0,0.45730832
0,0.416056
1,0.3766589
0,0.56643885
0,0.4115991
0,0.39806816
0,0.382314
0,0.54082775
0,0.4074002
0,0.40410057
1,0.36182085
0,0.5275328
0,0.44010136
0,0.37010327
0,0.36183304
0,0.59418464
0,0.39072078
0,0.38365486
0,0.4264392
0,0.5449777
0,0.44534844
0,0.37547597
0,0.38667315
0,0.5196045
0,0.43111545
0,0.42365655
0,0.5028315
0,0.3520675
0,0.4392194
0,0.45191363
1,0.3928312
1,0.47840136
1,0.3883667
1,0.40585047
1,0.52818626
0,0.37582257
0,0.4501209
1,0.5984812
1,0.42849457
1,0.4272989
1,0.36915976
1,0.59972787
1,0.35743618
1,0.44602922
0,0.43372115
1,0.503712
1,0.43442646
1,0.39751476
1,0.6217336
1,0.4326305
1,0.40852892
0,0.5120986
0,0.36923692
0,0.35292608
1,0.3711437
1,0.5195483
1,0.44085416
1,0.3701956
1,0.4102686
1,0.5434536
1,0.39980432
1,0.34518468
1,0.5536859
1,0.44940057
0,0.41590396
0,0.48730597
0,0.39108407
0,0.39833134
1,0.3952133
0,0.5770728
0,0.4080784
0,0.4115507
0,0.371199
1,0.40975884
1,0.4792478
1,0.43744764
1,0.398359
1,0.36729407
1,0.5215826
1,0.37746757
0,0.36154926
0,0.5431622
0,0.44704884
0,0.35815692
0,0.35407597
0,0.40810245
0,0.471141
1,0.44088632
0,0.44192117
0,0.37387007
0,0.39063776
1,0.4431015
1,0.5091698
1,0.40177512
1,0.34590903
1,0.3581758
1,0.5230075
1,0.35881394
1,0.4987569
1,0.43544155
1,0.4148772
0,0.43253803
0,0.52311975
0,0.4062586
0,0.434652
1,0.41285223
1,0.482211
1,0.45827493
0,0.430991
1,0.48825377
1,0.40485927
1,0.3911008
1,0.5536174
1,0.40378246
1,0.39662606
0,0.36169785
0,0.5767693
0,0.428705
0,0.38289586
0,0.42154792
1,0.5431093
1,0.43057922
1,0.38966978
1,0.52543485
1,0.37971252
0,0.42681012
1,0.36675006
1,0.5560031
1,0.43217427
0,0.3954326
0,0.5368583
0,0.43273163
0,0.4613593
1,0.41508216
1,0.47761804
1,0.3763221
1,0.39847016
1,0.51560026
1,0.3379959
1,0.42154554
1,0.5587331
1,0.38667557
0,0.43492803
0,0.38618258
0,0.5812008
0,0.42512667
0,0.40277126
0,0.40508372
0,0.48464438
1,0.38199937
0,0.42991817
1,0.59594804
1,0.3764754
1,0.50747824
1,0.39339247
1,0.44324234
0,0.38985208
1,0.5362596
1,0.39140034
0,0.49747255
0,0.3518695
0,0.41731477
1,0.37131783
1,0.54200906
1,0.43894795
1,0.3782541
1,0.4871104
1,0.43238643
1,0.42542946
1,0.51576924
1,0.41599312
0,0.36085734
0,0.3689433
0,0.35668296
1,0.4056729
1,0.5015304
0,0.4173005
0,0.44020212
1,0.43337467
1,0.40302703
1,0.40766153
1,0.44129136
1,0.5342427
1,0.43514127
0,0.5109974
0,0.39171436
0,0.42902204
0,0.3935144
0,0.5171205
0,0.41569397
0,0.39266866
1,0.39032227
1,0.611868
1,0.41444224
1,0.36683077
1,0.541638
1,0.37491187
0,0.43278173
0,0.5038272
0,0.44928724
0,0.36282465
0,0.39577845
1,0.49918255
1,0.40568647
1,0.39520404
1,0.35437316
1,0.55387896
1,0.39419928
1,0.41692948
0,0.403631
1,0.38201404
0,0.5318497
0,0.41346297
0,0.34278584
0,0.38869777
1,0.59739095
1,0.46547335
1,0.35200593
1,0.5592956
1,0.3886579
1,0.4123927
1,0.39518902
1,0.50024897
1,0.4467099
1,0.43295372
0,0.41606817
1,0.39993173
0,0.56132245
0,0.4312916
0,0.37976667
1,0.38762486
1,0.5476686
1,0.4116069
0,0.41155472
1,0.49186867
1,0.4099267
1,0.48507467
1,0.41193402
1,0.47252277
0,0.37933636
0,0.40067527
0,0.42334995
1,0.48836043
1,0.3734936
0,0.38027686
0,0.51596415
0,0.4149972
0,0.41409862
1,0.3579246
1,0.53906494
1,0.4295377
0,0.40145636
0,0.54174536
0,0.42136565
0,0.40940794
0,0.40907484
1,0.3907943
1,0.5533478
0,0.45864943
0,0.4017488
0,0.40191996
1,0.5192361
1,0.4353905
1,0.42974532
0,0.36986965
0,0.5552797
0,0.40341073
0,0.38903537
0,0.39419878
1,0.57424897
1,0.36728376
1,0.41022873
1,0.379313
1,0.51049256
1,0.36498094
1,0.40288538
1,0.5621128
1,0.3969322
1,0.43686616
1,0.5246547
1,0.41276255
1,0.43358132
0,0.3639517
0,0.535711
0,0.49967715
0,0.46940157
0,0.3606195
0,0.37694636
1,0.54065484
1,0.45555204
0,0.36162937
0,0.5822497
0,0.4475942
0,0.42282018
1,0.57704496
1,0.41776794
1,0.40600848
0,0.41879287
1,0.5255973
1,0.41074663
1,0.4592767
0,0.38222384
1,0.57881504
1,0.41670555
1,0.3698282
1,0.56833965
1,0.42021722
0,0.589513
0,0.44942304
0,0.4311728
0,0.5626986
0,0.43875688
0,0.41895622
1,0.35652328
1,0.5674659
1,0.37983268
1,0.38646892
1,0.5711771
0,0.42127642
0,0.3952232
1,0.3504028
1,0.59430856
1,0.37176332
0,0.43898472
0,0.3836316
0,0.4896059
1,0.37873325
0,0.43815142
0,0.4458073
1,0.52721894
0,0.452823
0,0.41291055
1,0.4095848
1,0.5547632
1,0.42283276
0,0.36486784
1,0.5722609
1,0.3937535
0,0.39240426
1,0.6170597
1,0.3929071
0,0.5236989
0,0.39722836
0,0.42660013
0,0.3615525
0,0.5413367
1,0.39963108
0,0.3958621
0,0.38179183
0,0.55154216
0,0.37836152
0,0.4098567
1,0.379737
1,0.55829513
1,0.43062177
1,0.41663674
0,0.36643603
1,0.5703021
1,0.40614405
1,0.42306086
1,0.5743956
1,0.41838267
1,0.37414083
0,0.54069984
0,0.4083576
0,0.42283148
1,0.37307113
1,0.5433141
1,0.42464325
1,0.36671197
0,0.5174624
0,0.37543857
0,0.36009926
0,0.3995467
1,0.5214174
1,0.41969657
1,0.38840723
1,0.54742277
1,0.3750075
1,0.40970787
1,0.6115389
1,0.3854815
0,0.37012324
1,0.5558058
1,0.44229305
1,0.35413924
1,0.581661
1,0.34978315
1,0.4174021
1,0.47601247
1,0.401122
1,0.4194684
0,0.3664254
0,0.5124067
0,0.41351458
0,0.39791492
0,0.3785294
1,0.5144027
1,0.42265117
0,0.34396884
1,0.58209884
1,0.40908274
0,0.4113308
1,0.54266065
1,0.38940483
1,0.41547623
0,0.4102153
1,0.5086662
1,0.42539233
1,0.352939
0,0.4177002
0,0.58464605
0,0.49551594
0,0.40223315
1,0.36602202
1,0.5775816
1,0.39187816
0,0.35136956
1,0.56665367
1,0.36916485
1,0.42124283
0,0.4084227
0,0.5081884
1,0.43360355
0,0.40557098
0,0.41103765
0,0.4891792
0,0.43296462
0,0.40323675
1,0.38320413
1,0.55542636
1,0.46529958
0,0.3934764
1,0.3879563
1,0.5788976
1,0.42587888
1,0.40163037
1,0.5133471
1,0.458091
1,0.5072726
1,0.38206944
0,0.38305756
1,0.4834159
1,0.38198417
1,0.3913086
1,0.37454104
1,0.643076
1,0.41930267
1,0.53630984
1,0.41868517
1,0.44867748
1,0.41424713
1,0.5433168
1,0.4927187
1,0.4072721
1,0.4859271
1,0.44049737
1,0.41827914
1,0.41829047
1,0.46809134
1,0.35843378
1,0.37183797
1,0.6195697
1,0.40651762
1,0.56919545
1,0.42533007
1,0.38350952
1,0.38919523
1,0.55718666
1,0.43257433
1,0.3631452
1,0.5137654
1,0.39111406
1,0.358898
0,0.40634808
0,0.38317358
0,0.53254956
0,0.39924377
0,0.41519302
1,0.44260287
1,0.5515806
1,0.48648033
1,0.47934136
1,0.389997
1,0.43329704
1,0.3865007
1,0.5383174
1,0.40060508
1,0.44417956
0,0.3899908
0,0.3751553
0,0.4362054
1,0.3870747
1,0.60785466
1,0.3121013
1,0.56915814
1,0.39078078
1,0.3696366
1,0.51786727
1,0.45897946
1,0.43268055
1,0.3657265
1,0.50709337
1,0.41629314
1,0.36600578
0,0.37537026
1,0.58172554
1,0.41407934
1,0.35303232
0,0.5214487
0,0.44592655
0,0.4006771
0,0.55895257
0,0.42941472
0,0.46658778
0,0.382713
0,0.52632767
0,0.402929
0,0.39478347
0,0.41807646
0,0.49461773
0,0.40804845
0,0.36344132
1,0.39219046
1,0.54501843
1,0.39317164
0,0.4441241
1,0.45533103
1,0.430759
1,0.39340332
0,0.3998128
0,0.3994121
1,0.51208586
1,0.44689876
1,0.42020315
1,0.3993679
1,0.52008015
1,0.3819936
0,0.39446768
0,0.41012356
0,0.40708143
1,0.40214792
1,0.55510175
1,0.41696587
0,0.5156935
0,0.3915616
0,0.41253468
0,0.46664196
1,0.47026902
1,0.40223286
1,0.36424038
1,0.5369639
1,0.35219646
1,0.48386505
1,0.40546396
1,0.46705592
0,0.51221174
0,0.45288873
0,0.4519791
1,0.400629
1,0.52729815
0,0.41576675
0,0.3436024
0,0.41396034
1,0.5807108
1,0.39565203
1,0.47403374
1,0.48530188
1,0.36193532
1,0.41350508
1,0.5276343
1,0.43894327
1,0.42030102
1,0.52399856
1,0.46324465
0,0.36965764
0,0.42287603
0,0.4139534
1,0.4158647
1,0.4923322
1,0.44630557
1,0.42958897
1,0.39692155
1,0.49866876
1,0.40367645
1,0.4111602
1,0.4995261
1,0.40431538
1,0.5236926
1,0.42231318
1,0.43529475
0,0.40370768
0,0.51309466
0,0.4040226
0,0.37610742
0,0.41846475
1,0.6118334
1,0.41028258
0,0.3809513
1,0.60868055
1,0.41692838
1,0.4272053
1,0.5523559
1,0.39086977
1,0.38919753
0,0.40488026
1,0.5316113
1,0.391502
1,0.45614517
1,0.38726196
1,0.37591353
1,0.35674518
1,0.4953348
1,0.4609317
1,0.3942758
1,0.5448088
1,0.42124403
1,0.3713752
1,0.5465113
1,0.37631968
0,0.40224767
0,0.39768547
1,0.57036686
1,0.41042927
0,0.39735284
1,0.5770935
1,0.43736345
1,0.525428
1,0.4238296
1,0.4152265
0,0.41675508
0,0.5515859
0,0.46583638
0,0.3985006
0,0.41476995
1,0.41344976
0,0.55823517
0,0.48682234
0,0.380576
1,0.35172477
1,0.5802262
1,0.43358576
1,0.42619896
1,0.40425798
1,0.5398799
1,0.42110538
1,0.46569216
1,0.41062826
1,0.42204684
1,0.36209074
1,0.59271604
1,0.40712425
1,0.38182074
1,0.6252407
1,0.42302442
1,0.43805057
0,0.38890412
0,0.5418338
0,0.45933005
0,0.40701225
1,0.40567642
1,0.5327842
1,0.3685913
1,0.39323255
1,0.55384994
1,0.40804964
0,0.41866842
1,0.5374467
1,0.39729494
1,0.48698947
1,0.36032382
0,0.4850418
0,0.45366466
1,0.39748275
0,0.3947877
0,0.5539552
0,0.44899815
0,0.41703615
0,0.37299606
1,0.50643283
1,0.41537938
1,0.40953
1,0.41842994
1,0.5172421
1,0.43673056
0,0.3859231
1,0.58586884
1,0.4074388
1,0.55069447
1,0.37441504
1,0.40998316
0,0.40622145
0,0.5675176
1,0.37663564
0,0.4314437
0,0.39619783
1,0.57739437
1,0.44173753
1,0.45483553
1,0.37707856
1,0.51845175
0,0.4549881
0,0.35930675
0,0.39734957
0,0.47804567
0,0.39428985
0,0.3514803
0,0.45120353
1,0.49974346
1,0.42752612
0,0.37473574
1,0.4864052
1,0.41639984
1,0.35200593
1,0.5592956
1,0.3886579
1,0.4123927
0,0.39388847
0,0.54601216
0,0.41568163
0,0.4388573
1,0.45476136
1,0.443425
1,0.4311954
0,0.4012796
0,0.3530378
0,0.5242519
0,0.39047867
0,0.4712076
1,0.39699528
1,0.5385499
1,0.40160692
1,0.39073068
1,0.5538101
1,0.46465695
1,0.4070096
0,0.4165741
0,0.5245916
0,0.4137824
0,0.44099784
0,0.4348968
1,0.51153624
1,0.43957865
0,0.3565387
0,0.5513502
0,0.3922741
0,0.40235794
0,0.41309676
0,0.420661
0,0.50729537
0,0.42937502
0,0.43792355
1,0.34970495
1,0.563579
1,0.4541854
0,0.43966857
1,0.53134096
0,0.4655088
0,0.4242898
1,0.39707494
1,0.52083194
1,0.43346673
1,0.4442461
0,0.51401615
0,0.40962273
0,0.38750273
1,0.36128858
1,0.5681443
1,0.3098274
0,0.359738
1,0.53106374
1,0.42300734
0,0.55223054
0,0.4389194
0,0.39611873
1,0.42057437
1,0.5154744
1,0.4383711
0,0.38891482
0,0.5936977
1,0.36450163
0,0.39755473
1,0.3598899
1,0.51996565
1,0.42004368
1,0.44527462
0,0.40329304
0,0.5400501
0,0.43132687
0,0.39404225
1,0.52865744
1,0.4294825
1,0.36947915
0,0.3986609
0,0.5147833
0,0.3777571
0,0.41688657
1,0.5258714
1,0.4021729
1,0.3791817
1,0.59627426
1,0.37874576
0,0.3928478
0,0.50205666
0,0.45347622
0,0.4220217
1,0.3993445
1,0.5821363
1,0.405758
0,0.43943617
1,0.3831591
1,0.52920216
1,0.4126109
1,0.5141248
0,0.40888485
0,0.40681046
0,0.37129867
0,0.55405843
0,0.44382492
0,0.42518553
0,0.39729702
0,0.5685517
0,0.416209
0,0.362219
1,0.39613348
1,0.53681916
1,0.40276802
1,0.3599533
1,0.48642018
1,0.38118362
0,0.3951072
1,0.42753667
1,0.40137932
1,0.3697226
1,0.4159173
0,0.5663871
0,0.4264047
0,0.43930647
0,0.4171214
0,0.56302595
0,0.4567551
0,0.40980986
0,0.40683794
1,0.5436295
1,0.46730757
1,0.42129883
1,0.53022116
0,0.4382139
0,0.34920648
1,0.39305872
1,0.5229958
1,0.39901495
1,0.36414218
1,0.55836207
1,0.4255401
1,0.38423198
1,0.5208096
1,0.4255064
1,0.38353926
1,0.5998704
1,0.375617
1,0.41608682
1,0.55206174
1,0.41521212
0,0.42536095
0,0.39883298
1,0.527007
1,0.4037191
1,0.41348743
1,0.50293934
1,0.38951784
1,0.40942577
1,0.5240713
1,0.40058473
0,0.53135955
0,0.41019824
0,0.35686326
1,0.41403675
1,0.4758387
1,0.3904134
1,0.4038343
1,0.3511157
1,0.5495316
1,0.4422096
1,0.3819642
1,0.5086332
1,0.45428824
0,0.41366792
1,0.4845279
1,0.34416598
1,0.42051515
0,0.36256957
0,0.57003635
0,0.39331812
0,0.42302936
1,0.3857054
1,0.5593253
1,0.43250334
0,0.4152936
1,0.58127165
1,0.3958205
1,0.36466134
1,0.5430463
1,0.449058
0,0.39488047
0,0.54803294
0,0.42585823
0,0.38644814
0,0.40149727
0,0.5061281
0,0.3925904
0,0.41511148
1,0.38067096
1,0.54353553
1,0.36984104
1,0.39865607
0,0.37710354
0,0.55297375
0,0.38225824
0,0.36683956
1,0.39507288
1,0.5574487
1,0.4137718
1,0.3743894
1,0.4810614
1,0.40071338
0,0.3975756
1,0.4896696
1,0.3734763
1,0.4023443
1,0.55454576
1,0.37972286
1,0.4173775
1,0.33272192
1,0.6092803
1,0.38890848
1,0.3955871
1,0.4063463
0,0.47837305
0,0.37532195
0,0.36393163
1,0.40648556
0,0.53207564
0,0.4223735
0,0.41130248
0,0.40077704
0,0.47414964
0,0.38054785
0,0.38116297
1,0.5200906
1,0.44096738
1,0.40924394
1,0.5152936
1,0.40771702
1,0.49914804
1,0.39826566
1,0.5832154
1,0.37554047
1,0.36576685
1,0.60677904
1,0.3878886
0,0.36552656
1,0.58008844
1,0.4695403
1,0.38754964
1,0.59447235
1,0.4294265
0,0.40169486
0,0.4345235
0,0.43266997
0,0.44495818
0,0.50241756
0,0.40159458
0,0.40300593
0,0.38813543
0,0.56529444
0,0.37291288
0,0.40724236
1,0.39767444
1,0.50122744
1,0.35234907
1,0.36716285
1,0.5560746
1,0.41898417
1,0.39655194
1,0.588125
1,0.40490285
0,0.391127
0,0.39222437
0,0.3834236
1,0.5409293
1,0.41317394
1,0.45611376
1,0.3870177
1,0.5746737
1,0.4278511
0,0.37309897
0,0.5342172
0,0.39205897
0,0.39577833
1,0.36909336
1,0.51656216
1,0.35318944
1,0.39539823
1,0.5797502
1,0.45907
0,0.37465012
1,0.50254834
1,0.39638108
1,0.4273475
0,0.3740144
0,0.33769208
0,0.4047477
0,0.39420107
1,0.53391516
1,0.43937245
1,0.4051634
1,0.5251182
1,0.37192988
1,0.3445504
1,0.5969621
1,0.4090624
1,0.41205138
1,0.49149704
1,0.4394823
1,0.38363713
1,0.51807886
1,0.42987904
1,0.35186523
1,0.53980696
1,0.41426876
0,0.35861275
0,0.4274059
0,0.44721
0,0.38308534
0,0.57054317
0,0.3748819
0,0.4170085
0,0.39842665
1,0.53388405
1,0.35144487
1,0.39260647
1,0.5477984
1,0.39723158
1,0.37850425
0,0.42430225
0,0.6032886
0,0.4363438
0,0.3762122
0,0.38328004
1,0.55624616
1,0.39700615
1,0.6138182
1,0.40852523
1,0.4059791
0,0.4222297
1,0.5024035
1,0.45242885
1,0.55319935
1,0.40557665
1,0.43578443
1,0.5238988
1,0.396818
1,0.39273039
1,0.3377332
1,0.55336297
1,0.4331079
0,0.37664172
1,0.537786
1,0.38763267
0,0.37859213
1,0.4921754
1,0.46973035
0,0.39125583
1,0.5389171
1,0.41285652
0,0.39328837
1,0.57296264
1,0.43234354
1,0.41979614
1,0.53324527
1,0.40292746
1,0.40584207
1,0.37876314
1,0.5558376
1,0.37934282
1,0.3576946
1,0.5426409
1,0.42824146
0,0.44991145
0,0.49001008
0,0.4436327
0,0.42284384
0,0.35770205
0,0.54243135
0,0.41936037
0,0.386911
0,0.39812684
0,0.6150838
0,0.42768088
0,0.32956302
1,0.4208979
0,0.40277725
0,0.47821912
0,0.3805935
1,0.58456546
1,0.38853624
1,0.31427985
1,0.5346955
1,0.4602239
1,0.4298475
1,0.48336354
1,0.38217342
1,0.4137297
1,0.58335835
1,0.41911563
1,0.39229107
1,0.51031727
1,0.4363714
1,0.38921964
1,0.5239041
1,0.38042042
1,0.36662492
1,0.39129716
1,0.52395713
0,0.44030944
0,0.43064553
1,0.41213033
1,0.50038254
1,0.44930515
0,0.3921781
0,0.56066144
0,0.38702616
0,0.41022488
0,0.39910027
1,0.5980956
1,0.44486192
0,0.3990501
0,0.55586743
0,0.3925039
0,0.44289774
1,0.41070032
1,0.54318225
1,0.43474606
1,0.40623248
1,0.5405434
0,0.384213
0,0.41796273
1,0.5391181
1,0.4461427
1,0.40377912
1,0.53478193
1,0.4631789
1,0.32112992
0,0.39325282
0,0.5723764
0,0.39372623
0,0.38184905
1,0.4181813
1,0.51883525
1,0.43521518
1,0.409574
1,0.53593343
0,0.3835387
0,0.41129732
1,0.443499
1,0.52078635
0,0.4181369
0,0.3917609
0,0.39014342
1,0.61251324
1,0.38948354
1,0.38506535
1,0.47737527
1,0.36819792
0,0.38374728
0,0.4073944
0,0.566368
0,0.39448932
0,0.3941332
1,0.36620614
1,0.5798993
1,0.40400758
1,0.39873627
1,0.3783995
1,0.5857605
1,0.39316237
1,0.4354969
1,0.5035808
1,0.4274735
0,0.44620022
1,0.567287
1,0.42461115
0,0.37762973
0,0.47418308
0,0.3964201
0,0.409374
0,0.39146817
0,0.5459652
0,0.39893752
0,0.42527607
0,0.39507326
1,0.54971373
0,0.40657017
0,0.36237076
1,0.52746934
1,0.3739522
1,0.37521142
1,0.55126303
1,0.43736443
1,0.39257956
1,0.5597703
1,0.41628087
0,0.36865255
1,0.5275705
1,0.40831658
1,0.36689782
0,0.53861624
0,0.43988094
0,0.40847382
1,0.52771187
1,0.4083664
1,0.48280293
1,0.3556267
1,0.5062178
1,0.39314017
0,0.4072721
1,0.4859271
1,0.44049737
1,0.41827914
0,0.37180302
0,0.5319863
0,0.41067576
0,0.39539185
0,0.39208677
0,0.50281227
0,0.40484607
0,0.40356958
1,0.37922263
1,0.6194953
1,0.44032487
0,0.3985397
1,0.5104507
0,0.38908115
1,0.4185349
0,0.3587841
0,0.5488124
0,0.37787598
0,0.37950492
1,0.35994595
0,0.56482744
0,0.45224726
0,0.40904546
0,0.40725875
0,0.56221753
0,0.40345806
0,0.42437866
0,0.40185145
0,0.5830515
0,0.4534624
0,0.37043074
1,0.42338175
1,0.41965887
1,0.41651994
1,0.35945037
1,0.54483175
1,0.3857412
1,0.36415893
1,0.40086436
1,0.5073953
0,0.42576712
0,0.35919535
0,0.40377912
1,0.53478193
1,0.4631789
1,0.32112992
0,0.37692136
1,0.5276199
1,0.38373625
1,0.4202872
1,0.502818
1,0.3771672
1,0.32683682
0,0.37434623
1,0.48647976
1,0.41985604
1,0.45784086
1,0.3350835
1,0.5619828
0,0.46196595
1,0.44225165
0,0.39752913
0,0.49403515
0,0.47124013
1,0.32246467
1,0.45824483
1,0.5150945
1,0.44057807
1,0.37694636
1,0.54065484
1,0.45555204
1,0.43849483
0,0.5861048
0,0.41642928
0,0.44051456
1,0.3559647
1,0.46551314
1,0.4555184
0,0.40675825
0,0.5304152
0,0.40356672
0,0.41332656
1,0.42507708
1,0.4928338
1,0.4525128
0,0.5152358
0,0.3845528
0,0.35695338
0,0.37674084
1,0.55575025
1,0.37096816
1,0.3842812
1,0.5383125
1,0.42936093
1,0.3973722
1,0.40267742
1,0.5386332
1,0.4195228
1,0.48008633
1,0.3728591
1,0.41495225
1,0.5680853
1,0.45936996
1,0.44788143
1,0.3943929
1,0.5605597
1,0.42698553
1,0.37096742
1,0.547487
1,0.34440598
1,0.3888571
1,0.48930946
1,0.4022229
1,0.4212794
1,0.39085665
1,0.5269749
1,0.4544953
1,0.45817116
1,0.48167947
0,0.40784302
0,0.40685105
1,0.5839947
1,0.4067386
1,0.41147128
0,0.40507418
1,0.53461534
1,0.4151045
1,0.37434945
1,0.43665722
1,0.47795355
1,0.51067
0,0.43364197
1,0.53618133
1,0.43838447
0,0.4521486
0,0.45267978
0,0.40735033
0,0.40372136
0,0.36267516
1,0.5377952
1,0.4184271
1,0.3844376
1,0.52845937
1,0.4150414
1,0.42348537
0,0.3908954
1,0.54984105
1,0.44662285
0,0.38308838
1,0.54071933
1,0.38816223
1,0.39919057
1,0.50978076
1,0.3856281
0,0.4215825
0,0.51428246
0,0.43986568
0,0.3751869
1,0.40439862
0,0.5523651
0,0.42425194
0,0.40499598
0,0.5202322
0,0.35838756
0,0.40175748
1,0.3665553
1,0.5116963
1,0.3723559
0,0.43703163
0,0.49586782
0,0.4029058
0,0.35351422
1,0.39489865
0,0.5391417
0,0.41308564
0,0.43001708
1,0.3977284
1,0.51176226
1,0.40353343
1,0.36717418
1,0.54195863
1,0.35811815
0,0.4180725
1,0.5318567
1,0.4608464
0,0.35395578
0,0.6031142
0,0.41426173
0,0.4067309
1,0.40071088
1,0.5652183
1,0.39264864
1,0.39120463
1,0.55180985
1,0.44824526
0,0.4117625
1,0.56613785
1,0.40647823
0,0.42747715
1,0.49401268
1,0.3961358
0,0.3793977
1,0.538912
1,0.41646186
0,0.4632145
0,0.43875977
0,0.42120883
0,0.37755162
0,0.5134141
0,0.43521476
0,0.37776434
1,0.39739314
1,0.5058023
1,0.43257532
1,0.37491214
1,0.39672607
1,0.50758326
1,0.396333
1,0.47019374
1,0.42323026
1,0.381691
0,0.40325147
1,0.570826
1,0.4419501
0,0.4069555
1,0.45161155
1,0.5333275
1,0.38301277
1,0.40615082
1,0.41710326
1,0.5125667
1,0.39078945
1,0.43544483
0,0.38934696
0,0.5170758
0,0.46893638
0,0.44438064
0,0.39639765
1,0.5465379
1,0.3869129
1,0.53416497
0,0.43751878
0,0.38404638
0,0.40179935
0,0.39145237
1,0.56305724
1,0.4153575
1,0.35050702
1,0.52027404
1,0.4228043
1,0.34636647
1,0.41704366
1,0.5727157
1,0.39467433
0,0.37029937
1,0.5184843
1,0.43979746
1,0.39965233
1,0.5294139
1,0.40410283
1,0.5726649
1,0.40995988
0,0.37698615
1,0.48924142
1,0.39017278
1,0.3648673
1,0.40034926
0,0.5348713
0,0.4099722
0,0.37335902
1,0.37932464
1,0.44419903
1,0.45093963
1,0.41588724
1,0.3585207
1,0.57901835
1,0.44920033
1,0.4499813
1,0.45549285
1,0.45145538
0,0.40185145
0,0.5830515
0,0.4534624
0,0.37043074
1,0.39933583
0,0.52368706
0,0.41647094
0,0.40845108
0,0.36267516
1,0.5377952
1,0.4184271
0,0.39680406
1,0.4177546
1,0.59259886
1,0.40393698
0,0.39586642
1,0.5694953
1,0.3803034
0,0.426869
1,0.5585783
1,0.4617153
1,0.4083193
1,0.3617534
1,0.5272271
1,0.41279018
0,0.34554017
0,0.38377568
0,0.38874468
0,0.41333845
1,0.537149
1,0.4477275
0,0.40520486
1,0.52521706
1,0.39521465
0,0.3852895
1,0.5385978
1,0.42040262
1,0.41130087
1,0.35479498
1,0.61059904
1,0.39463747
1,0.359662
1,0.6490293
1,0.37134582
1,0.41942722
1,0.38332725
1,0.5376849
1,0.41418353
1,0.42381078
1,0.49593502
1,0.40385664
1,0.38740373
1,0.588408
1,0.42015886
0,0.40551287
0,0.6249924
0,0.40889993
0,0.3781329
0,0.3613658
1,0.582332
1,0.3906216
0,0.38166314
0,0.5622542
0,0.37953886
0,0.41497687
1,0.37783343
1,0.54188186
1,0.39024028
1,0.37979272
0,0.5006284
0,0.40444982
0,0.4181762
1,0.40587977
1,0.5818953
1,0.36467135
0,0.39958143
0,0.542353
0,0.42584106
0,0.43569103
1,0.5918007
1,0.43726572
1,0.35289866
1,0.59497315
1,0.38795596
1,0.41614237
1,0.3765712
1,0.5610278
1,0.4119762
1,0.37588266
1,0.6164686
1,0.4486741
0,0.4014574
1,0.5969854
1,0.4654407
0,0.39596877
1,0.58846176
1,0.3957558
0,0.36237022
0,0.52963716
0,0.42902792
0,0.47310033
1,0.43247068
1,0.48996195
1,0.4557536
0,0.3830586
0,0.39428687
0,0.3836407
1,0.42832538
1,0.50119674
1,0.38904732
1,0.52636504
1,0.41074848
0,0.37351188
1,0.45473158
1,0.39762166
0,0.4107948
0,0.53976333
0,0.46442533
0,0.4382204
1,0.38222584
1,0.5626317
1,0.4038715
1,0.39203918
1,0.5729679
1,0.42012575
0,0.39803937
1,0.41774556
1,0.56747043
1,0.42296937
1,0.40174478
1,0.55323935
1,0.41938862
1,0.44017738
1,0.38044024
1,0.54454833
1,0.40967226
1,0.46136782
0,0.41664347
0,0.40962592
1,0.56545764
1,0.4218565
1,0.4215442
1,0.39320084
1,0.5121689
1,0.3624491
0,0.4040985
0,0.5338132
0,0.40273878
0,0.3794755
1,0.40077326
1,0.50909823
1,0.4447822
1,0.4046009
1,0.35019237
1,0.61214685
1,0.33336657
1,0.5630649
1,0.4426387
1,0.45197204
1,0.37256223
1,0.5320741
1,0.3970877
1,0.42192465
0,0.3959636
0,0.56501377
0,0.39648286
0,0.3557236
0,0.4092358
0,0.5028738
0,0.37390736
0,0.36786327
1,0.42542714
1,0.5063709
1,0.42325938
1,0.38790256
1,0.5583192
1,0.44167784
1,0.41641158
1,0.38295963
1,0.59069216
1,0.36661714
1,0.41389096
1,0.58065087
1,0.40849435
1,0.41321564
0,0.36061946
0,0.41030446
0,0.4574866
0,0.38993987
1,0.5767704
1,0.39680406
1,0.3315572
0,0.42837733
1,0.51615757
1,0.42713442
1,0.40992278
0,0.49506125
0,0.3507956
0,0.35794687
1,0.3607384
1,0.6116845
1,0.38660762
1,0.41653937
1,0.5322109
1,0.37848437
1,0.4002394
1,0.53098714
1,0.43954328
0,0.42630288
1,0.52156264
1,0.38028046
0,0.40330043
1,0.5684514
1,0.41379452
1,0.3817565
1,0.5720329
1,0.36438483
0,0.41544834
0,0.572439
1,0.40239733
0,0.4355548
0,0.36707106
1,0.57092375
1,0.41691333
1,0.40288538
0,0.3969322
0,0.40643695
0,0.39104754
0,0.5333045
1,0.44303796
0,0.38163322
1,0.36087456
1,0.58173335
1,0.50352985
1,0.4201226
1,0.6016776
1,0.38184112
0,0.4140473
1,0.53558177
1,0.40123934
1,0.605623
1,0.3782902
1,0.41183785
1,0.3997605
1,0.48409024
1,0.37190592
1,0.3340302
1,0.41629156
1,0.49558377
1,0.40358874
0,0.40310413
0,0.5331601
0,0.43828717
0,0.41275653
1,0.48515347
1,0.40948743
1,0.41028133
1,0.37471813
1,0.6120364
1,0.44340485
1,0.41217712
1,0.4231844
1,0.5398534
1,0.41277188
1,0.3403038
1,0.57846206
1,0.41197383
1,0.40223184
1,0.40952817
1,0.5300828
1,0.38756263
1,0.44091728
0,0.4389194
0,0.39611873
0,0.43194976
0,0.5088869
0,0.44107115
0,0.40455797
0,0.5599199
0,0.41869083
0,0.4085942
0,0.4063188
1,0.5298864
1,0.3674634
1,0.38031957
1,0.59325117
1,0.39410868
0,0.39600256
1,0.53423756
1,0.38315868
1,0.41225377
1,0.5245796
1,0.38756597
1,0.4039078
1,0.55561936
1,0.4373726
1,0.38716686
1,0.6013382
1,0.38311043
1,0.4139654
0,0.52413434
0,0.42811128
0,0.42282936
0,0.5550561
0,0.4435307
0,0.3466437
0,0.39817628
1,0.55035836
1,0.38166267
0,0.4297443
1,0.5748199
1,0.4141886
1,0.46433708
1,0.36831233
1,0.5817954
1,0.3113014
1,0.3666887
1,0.52669114
1,0.43327555
1,0.3529924
0,0.33220756
0,0.54721403
0,0.4109085
0,0.4333745
1,0.39617395
1,0.56350887
1,0.41225117
1,0.39303932
0,0.4122629
0,0.43757862
0,0.51857394
0,0.38962275
0,0.431882
0,0.3870144
1,0.37663746
1,0.5678148
1,0.39842895
1,0.36938828
1,0.5611887
1,0.44071227
1,0.3799152
1,0.5898851
1,0.390323
0,0.42982286
1,0.51346177
1,0.40098175
1,0.42520106
1,0.5247124
1,0.39781716
0,0.4149561
1,0.47717386
1,0.37654278
1,0.38940233
1,0.5960915
0,0.41889563
0,0.38443673
1,0.48453662
1,0.41927543
1,0.39002812
1,0.3708633
1,0.5764778
1,0.4253167
1,0.3612224
0,0.503885
0,0.39462197
0,0.4050905
1,0.4323463
1,0.5160938
1,0.44611618
1,0.440137
1,0.54601586
1,0.4282036
1,0.42936057
0,0.389866
0,0.56967276
0,0.40645888
0,0.44827673
0,0.4012828
0,0.37188125
1,0.5368504
1,0.41497993
0,0.4046053
1,0.39719707
0,0.5449565
0,0.4106514
0,0.35331237
0,0.47290918
1,0.50513726
0,0.41583946
1,0.38182566
0,0.39412558
1,0.46438593
1,0.42559928
1,0.40873042
1,0.37876943
0,0.5227177
0,0.3883723
0,0.36863106
0,0.37777588
0,0.5319891
0,0.39134556
0,0.40393862
0,0.40244007
1,0.5597846
1,0.40141892
0,0.4307277
0,0.55271405
0,0.44592407
0,0.4070093
0,0.36564428
1,0.56146836
1,0.42394352
0,0.3749631
1,0.40042877
0,0.4573232
0,0.40529183
1,0.37473387
0,0.54370606
0,0.40025246
0,0.40692803
0,0.44636494
1,0.48547634
1,0.4589836
0,0.38414282
0,0.55234003
0,0.4542217
0,0.42326936
1,0.3501318
1,0.4941437
1,0.37280294
1,0.5021596
1,0.40977708
1,0.4556421
0,0.38766834
1,0.5436598
1,0.39870572
0,0.4004762
0,0.41058502
0,0.5152451
0,0.45717904
0,0.41733047
0,0.409116
1,0.47653794
1,0.4412869
0,0.38140708
1,0.53513676
1,0.42228886
0,0.5979185
0,0.42834732
0,0.44440848
1,0.41890326
1,0.48355436
1,0.39067245
1,0.420413
1,0.47440004
1,0.44095495
0,0.39463028
1,0.6107807
1,0.42803618
1,0.5202117
1,0.4243354
1,0.44681486
1,0.5765654
1,0.42549083
1,0.44049513
1,0.36211178
0,0.4633729
0,0.4122521
0,0.3784597
1,0.38837788
0,0.536578
0,0.45395085
0,0.42790934
1,0.41093317
1,0.5011232
1,0.48727778
0,0.38003314
1,0.55352837
1,0.4130575
1,0.36268017
1,0.50063586
1,0.43228394
1,0.3714642
0,0.5196983
0,0.42190444
0,0.36951178
0,0.52316743
0,0.37530625
0,0.3997861
0,0.43230203
0,0.5055795
0,0.442458
0,0.41326636
1,0.38951936
1,0.5130079
1,0.43696
1,0.35463253
1,0.35088995
1,0.5185013
0,0.38776177
0,0.3989695
1,0.36787912
1,0.53858495
1,0.45600036
0,0.38943508
0,0.5388057
0,0.42815438
0,0.36458796
0,0.39524758
0,0.36793718
1,0.5956841
1,0.413148
0,0.38963622
0,0.45161197
0,0.40748388
1,0.5549154
1,0.4350825
1,0.42975396
1,0.40612414
1,0.5517169
1,0.4808388
1,0.4129042
1,0.56640035
1,0.39679235
1,0.3923547
1,0.51404893
1,0.45235878
1,0.44311345
1,0.37692136
1,0.5276199
1,0.38373625
0,0.37257499
0,0.49803597
0,0.3625404
0,0.3758631
1,0.38399088
1,0.54348713
1,0.38823137
0,0.40942684
1,0.53291243
1,0.3558156
1,0.36463985
1,0.48449525
1,0.35229957
1,0.3570827
0,0.3817336
1,0.49969655
1,0.41436884
1,0.43410462
1,0.5161452
1,0.38626322
1,0.5659725
1,0.38709825
0,0.3905674
1,0.54431814
1,0.38045534
1,0.5447774
1,0.4186518
1,0.39330196
0,0.3813118
0,0.5186829
0,0.4334992
1,0.44886807
1,0.37725785
0,0.5458048
0,0.4072815
0,0.4367328
1,0.41363373
1,0.5045338
1,0.4123336
1,0.38426486
0,0.4041607
0,0.55610204
0,0.42745537
0,0.3507932
0,0.42270994
0,0.5155945
0,0.40574566
0,0.4010802
0,0.4209966
1,0.516429
1,0.38646472
0,0.52115405
0,0.40148115
0,0.3930592
1,0.43800223
1,0.39004126
1,0.34565148
0,0.38640198
1,0.5120048
1,0.42709538
0,0.3568536
0,0.5483056
0,0.40199858
0,0.43056533
0,0.38448712
1,0.57715213
1,0.48190096
0,0.40922138
1,0.54640883
1,0.4590924
0,0.40263256
1,0.6037323
1,0.41421592
1,0.43948865
1,0.50040436
0,0.43711576
0,0.3973945
0,0.35534814
0,0.56397945
0,0.40459892
0,0.36545438
0,0.39439225
1,0.5246426
1,0.3995467
1,0.39273655
1,0.5828982
0,0.42121792
0,0.3791603
1,0.41553044
1,0.48125756
1,0.41030017
1,0.38654146
1,0.5808817
1,0.4209947
1,0.40746447
1,0.49189165
0,0.41132993
1,0.36098504
1,0.38157454
1,0.51967615
0,0.3923418
0,0.40022007
0,0.38906303
1,0.50452846
1,0.38649985
1,0.4416487
0,0.3648536
0,0.52327436
0,0.3679341
0,0.39309183
1,0.37240297
1,0.5982657
1,0.4282621
0,0.39784884
1,0.34997293
1,0.5350688
1,0.46379226
1,0.39736572
1,0.51283795
1,0.39566854
1,0.36262903
1,0.5204839
1,0.39318964
1,0.32775462
1,0.39761943
1,0.47852564
1,0.37998217
1,0.41003174
0,0.4817825
0,0.3879237
0,0.36473826
1,0.39266333
1,0.5389993
1,0.39817616
0,0.40202054
0,0.4238007
0,0.39519235
1,0.3937214
1,0.5461104
1,0.46295962
1,0.4123891
1,0.5421352
1,0.41094384
1,0.3904038
1,0.5567776
0,0.44852936
0,0.3843128
1,0.34590852
1,0.5571497
1,0.42684704
1,0.3680607
1,0.4299164
1,0.49999166
1,0.40150857
1,0.40753543
1,0.43562603
1,0.5251705
1,0.41468638
1,0.43370277
1,0.52111864
1,0.40610814
0,0.3797742
1,0.5312164
1,0.40962815
0,0.4165741
0,0.5245916
0,0.4137824
0,0.44099784
1,0.42261583
1,0.5579756
1,0.40271592
1,0.38128698
1,0.5582552
1,0.45928106
1,0.41264328
1,0.3999898
1,0.45204684
1,0.46369213
0,0.39693865
1,0.5169647
1,0.42329475
1,0.34044367
1,0.5098943
1,0.44394872
0,0.37304243
0,0.5225225
0,0.40643427
0,0.40376294
0,0.37738344
0,0.51469374
0,0.42660055
0,0.3882927
1,0.39546588
1,0.53827435
1,0.36015254
0,0.4520298
0,0.52983993
0,0.4501081
0,0.41164374
0,0.41846475
1,0.6118334
1,0.41028258
1,0.31427985
1,0.5346955
1,0.4602239
0,0.38411444
1,0.50550777
1,0.39035085
1,0.4039329
0,0.42242306
0,0.58620316
0,0.41429132
0,0.41782036
0,0.38397765
0,0.46552554
0,0.45637417
0,0.36635062
0,0.5042553
0,0.4017442
0,0.42061147
1,0.59254
1,0.43148878
1,0.41348
1,0.40740946
1,0.54929125
1,0.3544805
1,0.41844186
0,0.46826136
0,0.3433685
1,0.6001185
1,0.41003662
1,0.36432734
1,0.42918685
1,0.5723912
1,0.4011971
1,0.41161162
1,0.47543213
1,0.3568595
1,0.4179777
1,0.54188854
1,0.3708772
0,0.389147
0,0.5452447
1,0.43733498
0,0.3891446
0,0.40472168
1,0.63509214
0,0.4291303
0,0.41686758
0,0.3773086
0,0.6060081
0,0.37637168
0,0.44030002
1,0.5474752
1,0.45854473
1,0.42495102
1,0.32914108
1,0.49228054
1,0.43295157
0,0.5640151
1,0.39964402
0,0.37361354
1,0.4679159
1,0.5236568
1,0.46471605
1,0.4414864
1,0.55546165
1,0.3764566
1,0.57859564
1,0.37517303
0,0.40663144
0,0.5300014
0,0.4041854
0,0.35568935
0,0.4165741
0,0.5245916
0,0.4137824
0,0.44099784
1,0.39756912
1,0.48388442
1,0.37320143
1,0.42469183
1,0.5406396
1,0.41390812
1,0.4230198
0,0.49481007
0,0.39125314
0,0.41077557
0,0.45532325
0,0.42536405
1,0.5869646
1,0.45675984
1,0.3826823
1,0.39806464
1,0.52497435
1,0.38493314
1,0.36978596
1,0.5625097
0,0.42220622
0,0.3354188
1,0.3882367
1,0.4801392
1,0.4011209
0,0.35946897
0,0.60705346
0,0.42102584
0,0.39057684
1,0.41412473
1,0.47867757
1,0.45338088
1,0.4318819
1,0.5778891
1,0.41825384
0,0.3887702
0,0.5335746
0,0.39484498
0,0.37833285
1,0.40887982
1,0.5497597
1,0.41152093
1,0.3622165
1,0.56960976
1,0.39812598
1,0.37592152
1,0.5056291
1,0.4000603
1,0.37903565
1,0.5293179
1,0.3725574
1,0.5484255
1,0.39308032
1,0.37306535
1,0.5573734
1,0.40224266
0,0.42302346
0,0.50464857
0,0.41538554
0,0.37275326
0,0.39488047
0,0.54803294
0,0.42585823
0,0.38644814
1,0.37877688
1,0.5395863
1,0.38486737
